{
  "urls": [
    "src\\assets\\sounds\\audiosprite.ogg",
    "src\\assets\\sounds\\audiosprite.m4a",
    "src\\assets\\sounds\\audiosprite.mp3",
    "src\\assets\\sounds\\audiosprite.ac3"
  ],
  "sprite": {
    "silence": [
      0,
      1000,
      true
    ],
    "01_Button_hover": [
      2000,
      91.58730158730144
    ],
    "02_Button_click": [
      4000,
      127.7551020408163
    ],
    "03_Button_spin_click(start_reel)": [
      6000,
      4041.269841269841
    ],
    "04_Win_symbol_1": [
      12000,
      1878.0952380952378
    ],
    "05_Win_symbol_2": [
      15000,
      2540.3401360544217
    ],
    "06_Win_symbol_3": [
      19000,
      2050.340136054423
    ],
    "07_Bg_music_1": [
      23000,
      60000
    ],
    "08_Bg_music_2": [
      84000,
      30299.31972789116
    ],
    "09_Bg_music_3": [
      116000,
      32862.766439909305
    ],
    "10_Pop_up_1": [
      150000,
      1731.7006802720982
    ],
    "11_Pop_up_2": [
      153000,
      1761.9047619047592
    ],
    "12_Pop_up_3": [
      156000,
      2249.2063492063608
    ],
    "13_Ambience_1": [
      160000,
      20000
    ],
    "14_Ambience_2": [
      181000,
      20000
    ],
    "15_Ambience_3": [
      202000,
      20000
    ],
    "16_Up": [
      223000,
      3675.8956916099805
    ],
    "17_Down": [
      228000,
      2424.2176870748435
    ],
    "18_Counter": [
      232000,
      655.7142857142821
    ],
    "20_Anticipation": [
      234000,
      3982.2222222222194
    ],
    "21_Transition": [
      239000,
      4722.448979591832
    ],
    "22_Fx_01": [
      245000,
      1103.5827664398994
    ],
    "23_Fx_02": [
      248000,
      2039.0929705215513
    ],
    "24_Fx_03": [
      252000,
      1060.4081632652935
    ],
    "25_Fx_04": [
      255000,
      274.14965986395146
    ],
    "26_Fx_05": [
      257000,
      2312.4489795918635
    ],
    "big_WINS": [
      261000,
      6664.489795918371
    ],
    "stop_reel_1": [
      269000,
      1396.7573696145337
    ],
    "stop_reel_2": [
      272000,
      1239.750566893406
    ],
    "stop_reel_3": [
      275000,
      1239.750566893406
    ],
    "stop_reel_4": [
      278000,
      1239.750566893406
    ],
    "stop_reel_5": [
      281000,
      1239.750566893406
    ]
  }
}